{"2": [-0.18425928344365855, -2.2877442354587085, 370.17982716632997, -6.6748200888549096, 49.688907055374557, -5.0147203939002187, 10.321653580246998], "3": [-0.2418829110238255, -3.1097706142339319, 506.37025876331887, -9.1092393300183492, 66.18709647090148, -6.8913910929527518, 13.428196857289967], "4": [-0.26875129182764079, -3.5166606043007915, 642.26358327816911, -10.302049066620755, 82.750946514863344, -7.811627272522081, 16.559268501341514], "5": [-0.28372705921897029, -3.7514430035388182, 778.88843152996105, -10.984800203953389, 99.49183185426439, -8.3371599652342798, 19.739927227079292], "6": [-0.29303042362914594, -3.9006657524426496, 916.22307352548603, -11.415889981818196, 116.3801138276186, -8.6678418860476469, 22.960582712392441], "7": [-0.29923460831815435, -4.0018330541952771, 1054.2217337547568, -11.707109117825606, 133.38909938999063, -8.8909829863411041, 26.211857694306229], "8": [-0.30360573457674256, -4.0739947355172577, 1192.7129933547167, -11.914044173622734, 150.48638736345887, -9.0492205105659966, 29.485477632510211], "9": [-0.30681673416667626, -4.1275133943873827, 1331.5832498892614, -12.066931191631728, 167.6504528367974, -9.1658497828505254, 32.775843891214436], "10": [-0.30924779725069018, -4.1683554348010379, 1470.7939678375433, -12.18338668892164, 184.87050482966214, -9.2546709977053325, 36.079546047746405], "11": [-0.31114416488690871, -4.2004120723234397, 1610.2353353570679, -12.274421050346884, 202.13063176165605, -9.3238957624965728, 39.393223480519637], "12": [-0.31265412774605794, -4.226072420490345, 1749.881993454939, -12.347078581803908, 219.4247711006457, -9.3790533020424789, 42.715064556370407], "13": [-0.31387423804703835, -4.246910581815631, 1889.735557413409, -12.40606977465235, 236.75048019180227, -9.4239093274772614, 46.043959982903608], "14": [-0.31488293444807558, -4.2641977751472062, 2029.7015450580627, -12.454765558178821, 254.09631446125968, -9.4607760890512775, 49.377976214885877], "15": [-0.31572562125332049, -4.2786882148257126, 2169.7871378874311, -12.495474052597237, 271.46148199877092, -9.491548365843574, 52.716538902718213], "16": [-0.3164380376469928, -4.2909752289348626, 2309.97455950735, -12.52990205124228, 288.84300926109103, -9.5175337449570261, 56.058929736099017], "17": [-0.31704672162198899, -4.3015002566245899, 2450.2493506694723, -12.559317842349397, 306.23850712386354, -9.5397030777607839, 59.404574836514357], "18": [-0.31756734211403265, -4.3105335404068894, 2590.6461134190026, -12.584642529477684, 323.65066858566928, -9.5588958538535351, 62.753536692895466], "19": [-0.3180234565682562, -4.3184561505804897, 2731.0683087158727, -12.606686485823984, 341.06922829059931, -9.575471788790443, 66.104452230611656]}